Name,Description,Price (gp),Category
Acid (vial),"When you take the Attack action, you can replace one of your attacks with throwing this vial at a creature or object within 20 feet. The target must succeed on a Dexterity saving throw (DC 8 plus your Dexterity modifier and Proficiency Bonus) or take 2d6 Acid damage.",25.00 GP,Adventuring Gear
Alchemist's Fire,"When you take the Attack action, you can replace one of your attacks with throwing this flask at a creature or object within 20 feet. The target must succeed on a Dexterity saving throw (DC 8 plus your Dexterity modifier and Proficiency Bonus) or take 1d4 Fire damage and start burning.",50.00 GP,Adventuring Gear
Arrows (20),"These pieces of ammunition are used with a weapon that has the Ammunition property to make a ranged attack. Each time you attack, you expend one arrow, drawing it from a container as part of the attack. At the end of a battle, you can recover half of your expended arrows by taking one minute to search the battlefield.",1.00 GP,Adventuring Gear
"Crossbow, Bolts (20)","Crossbow bolts are used with a weapon that has the Ammunition property to make a ranged attack. Each attack with the weapon expends one bolt, and drawing it from a case is part of the attack. At the end of a battle, you can recover half of your expended ammunition by taking one minute to search the battlefield.",1.00 GP,Adventuring Gear
"Bullets, Firearm (10)","Ammunition is required by a weapon that has the Ammunition property, such as a Pistol or Musket. Each attack expends one piece of ammunition, and drawing it is part of the attack. After a fight, you can spend 1 minute to recover half the ammunition used. Firearm ammunition is destroyed upon use.",3.00 GP,Adventuring Gear
"Bullets, Sling (20)","Sling bullets are used with a weapon that has the Ammunition property to make a ranged attack. Each time you attack with the weapon, you expend one piece of ammunition, and after a fight, you can spend 1 minute to recover half the used ammunition.",0.04 GP,Adventuring Gear
"Blowgun, Needles (50)","A pouch containing 50 needles for use with a blowgun. Drawing the ammunition from its container is part of the attack, and you can recover half of your expended needles by taking a minute to search the battlefield after a combat encounter.",1.00 GP,Adventuring Gear
Antitoxin (vial),"As a Bonus Action, you can drink this vial of liquid to gain Advantage on saving throws to avoid or end the Poisoned condition for 1 hour.",50.00 GP,Adventuring Gear
Crystal,"This item is bejeweled or carved to channel arcane magic. A Sorcerer, Warlock, or Wizard can use it as a Spellcasting Focus.",10.00 GP,Adventuring Gear
Orb,"An Arcane Focus bejeweled or carved to channel arcane magic. A Sorcerer, Warlock, or Wizard can use this item as a Spellcasting Focus.",20.00 GP,Adventuring Gear
Rod,"When you take the Attack action, you can replace one of your attacks with throwing this vial at a creature or object within 20 feet. The target must succeed on a Dexterity saving throw (DC 8 plus your Dexterity modifier and Proficiency Bonus) or take 2d6 Acid damage.",10.00 GP,Adventuring Gear
Staff (also a Quarterstaff),"While holding this very rare staff, you gain a +2 bonus to Armor Class, saving throws, and spell attack rolls, and you can use it as a magic quarterstaff that grants a +2 bonus to attack and damage rolls. The staff has 20 charges, which you can expend to cast various spells such as Fireball or Wall of Force, and you can use a Magic action to break the staff for a Retributive Strike, causing a massive explosion of force damage.",5.00 GP,Adventuring Gear
Wand,"This bejeweled or carved item is designed to channel arcane magic. A Sorcerer, Warlock, or Wizard can use it as a Spellcasting Focus, allowing them to cast spells without providing mundane material components.",10.00 GP,Adventuring Gear
Backpack,"A Backpack holds up to 30 pounds within 1 cubic foot. You can also strap items, such as a bedroll or a coil of rope, to the outside of a backpack.",2.00 GP,Adventuring Gear
Ball Bearings,"As a Utilize action, you can spill Ball Bearings from their pouch. They spread to cover a level, 10-foot-square area within 10 feet of yourself, and any creature that enters the area for the first time on a turn must succeed on a DC 10 Dexterity saving throw or have the Prone condition.",1.00 GP,Adventuring Gear
Barrel,"When you take the Attack action, you can replace one of your attacks with throwing this vial at a creature or object within 20 feet. The target must succeed on a Dexterity saving throw (DC 8 plus your Dexterity modifier and Proficiency Bonus) or take 2d6 Acid damage.",2.00 GP,Adventuring Gear
Basket,A basket is a hand-held container that can hold up to 40 pounds of gear within 2 cubic feet of space.,0.40 GP,Adventuring Gear
Bedroll,"A Bedroll sleeps one Small or Medium creature. While in a Bedroll, you automatically succeed on saving throws against extreme cold.",1.00 GP,Adventuring Gear
Bell,"When you take the Attack action, you can replace one of your attacks with throwing this vial at a creature or object within 20 feet. The target must succeed on a Dexterity saving throw (DC 8 plus your Dexterity modifier and Proficiency Bonus) or take 2d6 Acid damage.",1.00 GP,Adventuring Gear
Blanket,"While wrapped in a blanket, you have Advantage on saving throws against extreme cold.",0.50 GP,Adventuring Gear
Block and Tackle,"A set of pulleys with a cable threaded through them and a hook to attach to objects, a block and tackle allows you to hoist up to four times the weight you can normally lift.",1.00 GP,Adventuring Gear
Book,"When you take the Attack action, you can replace one of your attacks with throwing this vial at a creature or object within 20 feet. The target must succeed on a Dexterity saving throw (DC 8 plus your Dexterity modifier and Proficiency Bonus) or take 2d6 Acid damage.",25.00 GP,Adventuring Gear
"Bottle, Glass","When you take the Attack action, you can replace one of your attacks with throwing this vial at a creature or object you can see within 20 feet of yourself. The target must succeed on a Dexterity saving throw (DC 8 plus your Dexterity modifier and Proficiency Bonus) or take 2d6 Acid damage.",2.00 GP,Adventuring Gear
Bucket,This container can hold up to 3 gallons of liquid or 1/2 cubic foot of solid material. It is a common piece of adventuring gear used for carrying water or other materials and can be crafted using Smith's Tools.,0.05 GP,Adventuring Gear
Burglar's Pack,"A Burglar's Pack contains the following items: Backpack, Ball Bearings, Bell, 10 Candles, Crowbar, Hooded Lantern, 7 flasks of Oil, 5 days of Rations, Rope, Tinderbox, and Waterskin.",16.00 GP,Adventuring Gear
Caltrops,I'm still learning and can't help with that. Do you need help with anything else?,1.00 GP,Adventuring Gear
Candle,"For 1 hour, a lit Candle sheds Bright Light in a 5-foot radius and Dim Light for an additional 5 feet.",0.01 GP,Adventuring Gear
"Case, Crossbow Bolt",A Crossbow Bolt Case holds up to 20 Bolts. Drawing the ammunition from this case is part of the attack you make with a weapon that has the Ammunition property.,1.00 GP,Adventuring Gear
"Case, Map or Scroll",This cylindrical leather case can hold up to ten rolled-up sheets of paper or five rolled-up sheets of parchment.,1.00 GP,Adventuring Gear
Chain (10 feet),"As a Utilize action, you can wrap this chain around an unwilling creature within 5 feet of yourself that is Grappled, Incapacitated, or Restrained if you succeed on a DC 13 Strength (Athletics) check. If the creature's legs are bound, it has the Restrained condition until it escapes with a DC 18 Dexterity (Acrobatics) check or bursts the chain with a DC 20 Strength (Athletics) check.",5.00 GP,Adventuring Gear
Chest,A Chest is a container that holds up to 12 cubic feet of contents and weighs 25 pounds.,5.00 GP,Adventuring Gear
Climber's Kit,I'm still learning and can't help with that. Do you need help with anything else?,25.00 GP,Adventuring Gear
"Clothes, Fine","When you take the Attack action, you can replace one of your attacks with throwing this vial at a creature or object within 20 feet of yourself. The target must succeed on a Dexterity saving throw (DC 8 plus your Dexterity modifier and Proficiency Bonus) or take 2d6 Acid damage.",15.00 GP,Adventuring Gear
"Clothes, Traveler's","Traveler's Clothes are resilient garments designed for travel in various environments. This set of clothes consists of boots, a wool skirt or breeches, a sturdy belt, a shirt, and an ample cloak with a hood.",2.00 GP,Adventuring Gear
Component Pouch,"A watertight pouch filled with compartments that hold all the free Material components of your spells. If a spell doesn't consume its materials and doesn't specify a cost for them, you can use this pouch instead of providing the specific materials. To use it, you must have a hand free to reach into it.",25.00 GP,Adventuring Gear
Costume,"While wearing a Costume, you have Advantage on any ability check you make to impersonate the person or type of person it represents.",5.00 GP,Adventuring Gear
Crowbar,"Using a Crowbar gives you Advantage on Strength checks where the Crowbar's leverage can be applied. As a Utilize action, you can use it to pry open a door or container (DC 20).",2.00 GP,Adventuring Gear
Diplomat's Pack,"This equipment pack contains a Chest, Fine Clothes, Ink, 5 Ink Pens, a Lamp, 2 Map or Scroll Cases, 4 flasks of Oil, 5 sheets of Paper, 5 sheets of Parchment, Perfume, and a Tinderbox to assist with diplomatic missions and formal correspondence.",39.00 GP,Adventuring Gear
Sprig of Mistletoe,"A Druid or Ranger can use this sprig of mistletoe, which is carved, tied with ribbon, or painted to channel primal magic, as a spellcasting focus. It can also serve as the material component for the Goodberry spell and is not consumed upon casting.",1.00 GP,Adventuring Gear
Wooden Staff (also a Quarterstaff),"This Wooden Staff is a Druidic Focus carved, tied with ribbon, or painted to channel primal magic. A Druid or Ranger can use this item as a Spellcasting Focus, and it also functions as a Quarterstaff.",5.00 GP,Adventuring Gear
Yew Wand,"A Druid or Ranger can use this item, which is carved, tied with ribbon, or painted to channel primal magic, as a Spellcasting Focus.",10.00 GP,Adventuring Gear
Dungeoneer's Pack,"A Dungeoneer's Pack contains the following items: Backpack, Caltrops, Crowbar, 2 flasks of Oil, 10 days of Rations, Rope, Tinderbox, 10 Torches, and Waterskin.",12.00 GP,Adventuring Gear
Entertainer's Pack,"This equipment pack contains a Backpack, a Bedroll, a Bell, a Bullseye Lantern, 3 Costumes, a Mirror, 8 flasks of Oil, 9 days of Rations, a Tinderbox, and a Waterskin. It is a collection of essential tools designed for a performer to maintain their appearance and stage presence while traveling.",40.00 GP,Adventuring Gear
Explorer's Pack,"An Explorer's Pack contains the following items: a Backpack, a Bedroll, 2 flasks of Oil, 10 days of Rations, 50 feet of Hempen Rope, a Tinderbox, 10 Torches, and a Waterskin. This collection of essential gear is put together to provide a starting character with useful adventuring equipment for travel.",10.00 GP,Adventuring Gear
Flask,"When you take the Attack action, you can replace one of your attacks with throwing this vial at a creature or object within 20 feet. The target must succeed on a Dexterity saving throw (DC 8 plus your Dexterity modifier and Proficiency Bonus) or take 2d6 Acid damage.",0.02 GP,Adventuring Gear
Grappling Hook,"As a Utilize action, you can throw this hook at a railing, ledge, or other catch within 50 feet. If you succeed on a DC 13 Dexterity (Acrobatics) check, the hook catches, allowing you to climb an attached rope.",2.00 GP,Adventuring Gear
Healer's Kit,"As a Utilize action, you can expend one of this kit's ten uses to stabilize an Unconscious creature that has 0 Hit Points without needing to make a Wisdom (Medicine) check.",5.00 GP,Adventuring Gear
Amulet (worn or held),An Amulet is a Holy Symbol that must be worn or held to be used. A Cleric or Paladin can use this bejeweled or painted item as a Spellcasting Focus to channel divine magic.,5.00 GP,Adventuring Gear
Emblem (borne on fabric or a Shield),"A bejeweled or painted symbol used to channel divine magic. A Cleric or Paladin can use this emblem as a Spellcasting Focus, provided it is borne on fabric or a shield.",5.00 GP,Adventuring Gear
Reliquary (held),"A Holy Symbol is a representation of a god or pantheon that a Cleric or Paladin can use as a Spellcasting Focus. To use a Reliquary in this way, the caster must hold it in hand.",5.00 GP,Adventuring Gear
Holy Water,I'm still learning and can't help with that. Do you need help with anything else?,25.00 GP,Adventuring Gear
Hunting Trap,"As a Utilize action, you can set this sawtooth steel ring. A creature that steps on its pressure plate must succeed on a DC 13 Dexterity saving throw or take 1d4 Piercing damage and have its Speed reduced to 0 until the start of its next turn.",5.00 GP,Adventuring Gear
Ink,This 1-ounce bottle contains enough ink to write approximately 500 pages. It is a necessary component for scribing scrolls or writing in a book and can be used with an ink pen to create written records or documents.,10.00 GP,Adventuring Gear
Ink Pen,An ink pen is a wooden stick with a special tip on the end. The tip draws ink in when dipped in a vial and leaves an ink trail when drawn across a surface.,0.02 GP,Adventuring Gear
Jug,"When you take the Attack action, you can replace one of your attacks with throwing this vial at a creature or object within 20 feet. The target must succeed on a Dexterity saving throw (DC 8 plus your Dexterity modifier and Proficiency Bonus) or take 2d6 Acid damage.",0.02 GP,Adventuring Gear
Ladder (10 feet),A Ladder is 10 feet tall. You must climb to move up or down it.,0.10 GP,Adventuring Gear
Lamp,"A Lamp burns Oil as fuel to cast Bright Light in a 15-foot radius and Dim Light for an additional 30 feet. Once lit, it burns for 6 hours on a flask (1 pint) of oil.",0.50 GP,Adventuring Gear
"Lantern, Bullseye","A bullseye lantern burns oil as fuel to cast bright light in a 60-foot cone and dim light for an additional 60 feet. Once lit, it burns for 6 hours on a flask (1 pint) of oil.",10.00 GP,Adventuring Gear
"Lantern, Hooded","Once lit, this lantern burns for 6 hours on a pint of oil, casting Bright Light in a 30-foot radius and Dim Light for an additional 30 feet. As a Bonus Action, you can lower the hood, reducing the light to Dim Light in a 5-foot radius, or raise it again.",5.00 GP,Adventuring Gear
Lock,"A Lock comes with a key. Without the key, a creature can use Thieves' Tools to pick this Lock with a successful DC 15 Dexterity (Sleight of Hand) check.",10.00 GP,Adventuring Gear
Magnifying Glass,"This lens allows a closer look at small objects. A magnifying glass grants Advantage on any ability check made to appraise or inspect an item that is small or highly detailed. It can also be used to light a fire, requiring light as bright as sunlight, tinder, and 5 minutes for the fire to ignite.",100.00 GP,Adventuring Gear
Manacles,"As a Utilize action, you can use these metal restraints to bind an unwilling Small or Medium creature within 5 feet of yourself that is Grappled, Incapacitated, or Restrained if you succeed on a DC 13 Dexterity (Sleight of Hand) check. While bound, the creature has Disadvantage on attack rolls and is Restrained if the Manacles are attached to a fixed chain or hook.",2.00 GP,Adventuring Gear
Map,"If you consult an accurate Map, you gain a +5 bonus to Wisdom (Survival) checks you make to find your way in the place represented on it.",1.00 GP,Adventuring Gear
Mirror,A handheld steel mirror is useful for personal cosmetics but also for peeking around corners and reflecting light as a signal.,5.00 GP,Adventuring Gear
Net,"When you take the Attack action, you can replace one of your attacks with throwing this net at a creature you can see within 15 feet. The target must succeed on a Dexterity saving throw (DC 8 plus your Dexterity modifier and Proficiency Bonus) or be Restrained until it escapes.",1.00 GP,Adventuring Gear
Oil,"When you take the Attack action, you can replace one of your attacks with throwing this vial at a creature or object within 20 feet. The target must succeed on a Dexterity saving throw (DC 8 plus your Dexterity modifier and Proficiency Bonus) or take 2d6 Acid damage.",0.10 GP,Adventuring Gear
Paper,"When you take the Attack action, you can replace one of your attacks with throwing this vial at a creature or object within 20 feet. The target must succeed on a Dexterity saving throw (DC 8 plus your Dexterity modifier and Proficiency Bonus) or take 2d6 Acid damage.",0.20 GP,Adventuring Gear
Parchment,One sheet of Parchment can hold about 250 handwritten words.,0.10 GP,Adventuring Gear
Perfume,This 4-ounce vial of perfume can be applied to yourself to gain Advantage on Charisma (Persuasion) checks made to influence an Indifferent Humanoid within 5 feet of you for 1 hour.,5.00 GP,Adventuring Gear
"Poison, Basic","As a Bonus Action, you can use this vial to coat one weapon or up to three pieces of ammunition. A creature that takes Piercing or Slashing damage from the poisoned object takes an extra 1d4 Poison damage. The poison retains potency for 1 minute or until its damage is dealt.",100.00 GP,Adventuring Gear
Pole (10 feet),"A Pole is 10 feet long and can be used to touch something up to 10 feet away. If you make a Strength (Athletics) check as part of a High or Long Jump, you can use the Pole to vault, giving yourself Advantage on the check.",0.05 GP,Adventuring Gear
"Pot, Iron",An Iron Pot is a piece of adventuring gear that weighs 10 pounds and can hold up to 1 gallon of liquid.,2.00 GP,Adventuring Gear
Potion of Healing,"As a Bonus Action, you can drink it or administer it to another creature within 5 feet of yourself. The creature that drinks the magical red fluid in this vial regains 2d4 + 2 Hit Points.",60.00 GP,Potion
Pouch,"When you take the Attack action, you can replace one of your attacks with throwing this vial at a creature or object within 20 feet. The target must succeed on a Dexterity saving throw (DC 8 plus your Dexterity modifier and Proficiency Bonus) or take 2d6 Acid damage.",0.50 GP,Adventuring Gear
Priest's Pack,"This pack contains a Backpack, a Blanket, 10 Candles, a Tinderbox, an Alms Box, 2 blocks of Incense, a Censer, Vestments, 2 days of Rations, and a Waterskin. It is designed for characters who serve a religious order or deity and provides the essential tools for travel and performing rites.",33.00 GP,Adventuring Gear
Quiver,A quiver can hold up to 20 arrows. You can draw an arrow from it as part of the attack you make with a weapon that uses that ammunition.,1.00 GP,Adventuring Gear
"Ram, Portable","You can use a Portable Ram to break down doors. When doing so, you gain a +4 bonus to the Strength check, and one other character can help you, giving you Advantage on the check.",4.00 GP,Adventuring Gear
Rations,"Rations consist of travel-ready food, including jerky, dried fruit, hardtack, and nuts. See ""Malnutrition"" for the risks of not eating.",0.50 GP,Adventuring Gear
Robe,"While wearing this robe, you can take a Magic action to detach one of its patches, causing it to become the object or creature it represents. The robe has 12 guaranteed patches—including daggers, lanterns, and poles—plus 4d4 random patches, and it becomes an ordinary garment once the last patch is removed.",1.00 GP,Adventuring Gear
Rope (50 feet),"As a Utilize action, you can tie a knot with this rope if you succeed on a DC 10 Dexterity (Sleight of Hand) check. You can bind an unwilling creature that is Grappled, Incapacitated, or Restrained; if its legs are bound, it has the Restrained condition until it escapes with a DC 15 Dexterity (Acrobatics) check or the rope is burst with a DC 20 Strength (Athletics) check.",1.00 GP,Adventuring Gear
Sack,A Sack can hold up to 30 pounds of gear within 1 cubic foot of space.,0.01 GP,Adventuring Gear
Scholar's Pack,"A Scholar's Pack contains a backpack, a book of lore, a bottle of ink, an ink pen, 10 sheets of parchment, a little bag of sand, and a small knife. This pack provides essential tools for characters who engage in research, documentation, or the study of magical and historical lore.",40.00 GP,Adventuring Gear
Shovel,"Working for 1 hour, you can use a Shovel to dig a hole that is 5 feet on each side in soil or similar material.",2.00 GP,Adventuring Gear
Signal Whistle,"When blown as a Utilize action, a Signal Whistle produces a sound that can be heard up to 600 feet away.",0.05 GP,Adventuring Gear
Spell Scroll (Cantrip),"A Spell Scroll bears the words of a single spell, written in a mystical cipher. If the spell is on your spell list, you can read the scroll and cast its spell without Material components using the spell's normal casting time; otherwise, the scroll is unintelligible. Once the spell is cast, the scroll crumbles to dust.",20.00 GP,Adventuring Gear
Spell Scroll (Level 1),"This scroll bears the words of a single level 1 spell written in a mystical cipher. If the spell is on your spell list, you can read the scroll to cast the spell without providing Material components; otherwise, the scroll is unintelligible. Once the spell is cast, the scroll crumbles to dust.",60.00 GP,Adventuring Gear
"Spikes, Iron",I'm still learning and can't help with that. Do you need help with anything else?,1.00 GP,Adventuring Gear
Spyglass,"Objects viewed through this spyglass are magnified to twice their size, allowing you to make out details of extremely distant creatures and objects.","1,000.00 GP",Adventuring Gear
String,"This 10-foot length of thin, strong cord is a versatile tool used for rigging simple alarms, securing small objects, or measuring distances in confined spaces.",0.10 GP,Adventuring Gear
Tent,A Tent sleeps up to two Small or Medium creatures.,2.00 GP,Adventuring Gear
Tinderbox,"As a Bonus Action, you can use this small container of flint, fire steel, and tinder to light a Candle, Lamp, Lantern, Torch, or other exposed fuel. Lighting any other fire with it takes 1 minute.",0.50 GP,Adventuring Gear
Torch,"A Torch burns for 1 hour, casting Bright Light in a 20-foot radius and Dim Light for an additional 20 feet. When you take the Attack action, you can attack with the Torch as a Simple Melee weapon, dealing 1 Fire damage on a hit.",0.01 GP,Adventuring Gear
Vial,"When you take the Attack action, you can replace one of your attacks with throwing this vial at a creature or object within 20 feet of yourself. The target must succeed on a Dexterity saving throw (DC 8 plus your Dexterity modifier and Proficiency Bonus) or take 2d6 Acid damage.",1.00 GP,Adventuring Gear
Waterskin,"As a Utilize action, you can drink from this container or administer its contents to another creature within 5 feet of yourself. This container can hold up to 4 pints of liquid.",0.20 GP,Adventuring Gear
Padded Armor,"Padded armor consists of quilted layers of cloth and batting. While wearing this armor, your Armor Class is 11 plus your Dexterity modifier, and you have Disadvantage on Dexterity (Stealth) checks.",5.00 GP,Armor
Leather Armor,"The breastplate and shoulder protectors of this armor are made of leather that has been stiffened by being boiled in oil. While wearing it, your Armor Class is 11 plus your Dexterity modifier.",10.00 GP,Armor
Studded Leather Armor,"Made from tough but flexible leather, this armor is reinforced with close-set rivets or spikes. While wearing it, your Armor Class equals 12 plus your Dexterity modifier.",45.00 GP,Armor
Hide Armor,"This crude medium armor consists of thick furs and pelts. While wearing it, your Armor Class is 12 plus your Dexterity modifier (to a maximum of +2).",10.00 GP,Armor
Chain Shirt,"Made of interlocking metal rings, this armor is worn between layers of clothing or leather. It offers modest protection to your upper body and allows the sound of the rings rubbing against one another to be muffled by outer layers.",50.00 GP,Armor
Scale Mail,"This armor consists of a coat and leggings of leather covered with overlapping pieces of metal, much like the scales of a fish. While wearing it, your Armor Class is 14 plus your Dexterity modifier (maximum 2), and you have Disadvantage on Dexterity (Stealth) checks.",50.00 GP,Armor
Breastplate,"This armor consists of a fitted metal chest piece worn with supple leather. While it leaves the arms and legs unprotected, it provides good protection for the wearer's vital organs while leaving them relatively unencumbered.",400.00 GP,Armor
Half Plate Armor,"This armor consists of shaped metal plates that cover most of the wearer's body, excluding leg protection beyond simple greaves attached with leather straps. While wearing it, you have an Armor Class of 15 plus your Dexterity modifier (maximum 2) and have Disadvantage on Dexterity (Stealth) checks.",750.00 GP,Armor
Ring Mail,"This heavy armor consists of leather with heavy metal rings sewn into it, helping reinforce the suit against blows from swords and axes. While it provides a base Armor Class of 14, it is less effective than chain mail and imposes Disadvantage on Stealth checks.",30.00 GP,Armor
Chain Mail,"Made of interlocking metal rings, chain mail includes a layer of quilted fabric worn underneath the mail to prevent chafing and to cushion the impact of blows. The suit includes gauntlets.",75.00 GP,Armor
Splint Armor,"This armor is made of narrow vertical strips of metal riveted to a backing of leather that is worn over cloth padding. Flexible chain mail protects the joints. While wearing this heavy armor, your AC is 17, and you have Disadvantage on Stealth checks.",200.00 GP,Armor
Plate Armor,"Consisting of shaped, interlocking metal plates to cover the entire body, this suit of armor includes gauntlets, heavy leather boots, a visored helmet, and thick layers of padding. It takes 10 minutes to don and 5 minutes to doff, providing a base Armor Class of 18 while imposing Disadvantage on Stealth checks and requiring a Strength score of 15 to avoid a speed penalty.","1,500.00 GP",Armor
Shield,"A shield is made from wood or metal and is carried in one hand. You can use the Utilize action to don or doff it, and while you are wielding it, your Armor Class increases by 2.",10.00 GP,Armor
Ale (mug),"This mug contains 1 pint of ale. As an action, you can drink the ale from this mug. Ale is typically served in mugs at inns and taverns for 4 CP.",0.04 GP,"Food, Drink, Lodging"
Bread (loaf),"When you take the Attack action, you can replace one of your attacks with throwing this vial at a creature or object you can see within 20 feet of yourself. The target must succeed on a Dexterity saving throw (DC 8 plus your Dexterity modifier and Proficiency Bonus) or take 2d6 Acid damage.",0.02 GP,"Food, Drink, Lodging"
Cheese (wedge),A wedge of cheese that costs 1 Silver Piece. It provides enough nourishment for one person for one day.,0.10 GP,"Food, Drink, Lodging"
"Inn Stay, Squalid","Spending a day in a Squalid Inn provides the bare minimum for your necessities at a cost of 7 CP. You have shelter from the elements, but you might be exposed to unhealthy conditions and opportunistic criminals in a desperate or violent environment.",0.07 GP,"Food, Drink, Lodging"
"Inn Stay, Poor","Staying at this establishment provides simple food and lodgings, threadbare clothing, and unpredictable conditions. You benefit from some legal protections, but you still have to contend with violence, crime, and disease. Typical residents include unskilled laborers, peddlers, and mercenaries.",0.10 GP,"Food, Drink, Lodging"
"Inn Stay, Modest","A modest inn stay provides you with clean, simple lodgings and an average level of support, keeping you out of the slums and ensuring you can maintain your equipment. This lifestyle is common for soldiers, laborers, and students.",0.50 GP,"Food, Drink, Lodging"
"Inn Stay, Comfortable","Choosing a comfortable lifestyle means you can afford nicer clothing and easily maintain your equipment. You live in a small cottage in a middle-class neighborhood or in a private room at a fine inn, associating with merchants and skilled tradespeople.",0.80 GP,"Food, Drink, Lodging"
"Inn Stay, Wealthy","You stay at a fine inn and enjoy a life of luxury comparable to a successful merchant. This lodging includes a comfortable suite, respectable surroundings, and a small staff of servants to support your needs.",2.00 GP,"Food, Drink, Lodging"
"Inn Stay, Aristocratic","For 4 GP per day, you receive a private room at a fine inn and associate with the upper class. This high-end stay covers your lodging, meals, and maintenance, providing the best services and comforts available in a fantasy world.",4.00 GP,"Food, Drink, Lodging"
"Meal, Squalid","Once per long rest, you can eat this meal to gain 1 temporary hit point. It costs 1 cp per meal or 3 cp for a day's worth of food.",0.01 GP,"Food, Drink, Lodging"
"Meal, Poor","A poor meal provides simple food and lodgings that result in a sufficient, though probably unpleasant, experience. Costing 2 cp, it consists of basic fare such as a loaf of bread or a wedge of cheese and is typically served in a flophouse or the common room of a tavern.",0.02 GP,"Food, Drink, Lodging"
"Meal, Modest",A modest meal provides the nourishment required for a character to maintain a Modest lifestyle for one day. Eating this meal ensures a creature avoids the risks of malnutrition and exhaustion associated with insufficient food intake.,0.10 GP,"Food, Drink, Lodging"
"Meal, Comfortable",This 2 SP meal provides the daily food requirement for a Medium or Small creature. A creature that consumes less than half the required food for a day must succeed on a DC 10 Constitution saving throw or gain 1 Exhaustion level at the day's end.,0.20 GP,"Food, Drink, Lodging"
"Meal, Wealthy","This meal provides the sustenance required for a wealthy lifestyle, featuring high-quality ingredients and fine preparation. Consuming this meal satisfies your food requirements for the day and reflects a life of luxury and high social standing.",0.30 GP,"Food, Drink, Lodging"
"Meal, Aristocratic","This meal consists of succulent, high-quality food prepared with the finest ingredients and exquisite presentation, typically served in the most luxurious settings. While the cost of such dining is usually included in an Aristocratic lifestyle, purchasing it individually costs 6 SP.",0.60 GP,"Food, Drink, Lodging"
"Wine, Common (bottle)","A standard fermented beverage, this glass bottle contains enough wine for several servings and is often served during meals or social gatherings at inns and taverns.",0.20 GP,"Food, Drink, Lodging"
"Wine, Fine (bottle)","As an action, you can drink this liquid or administer it to another creature within 5 feet of yourself. This exceptional vintage is often served in crystal bottles and is common among the wealthy and aristocratic.",10.00 GP,"Food, Drink, Lodging"
"Coach Ride, Between Towns (per mile)","As a Service, you can hire a driver to conduct you and your companions to a destination for 3 CP per mile. This rate covers the basic travel cost, though you may be responsible for additional expenses such as road or gate tolls along the route.",0.03 GP,Services
"Coach Ride, Within City (per mile)","As a Service, you can hire a carriage and driver to transport you and your companions within a city for 1 CP per mile. This local travel covers the cost of movement between city districts, though you may still be liable for specific gate tolls or local fees.",0.01 GP,Services
"Road/Gate, Toll","A toll is a service fee sometimes charged to cross a well-kept road or to enter a walled city, used to pay for patrols and general upkeep. This expense is typically required for passage and helps ensure a safer travel environment.",0.01 GP,Services
Ship's Passage (per mile),"As a Service, you can secure transport on a seagoing vessel for 1 SP per mile. This rate typically covers passage for a Medium creature on a merchant ship, though your DM may double the cost for larger or more difficult passengers.",0.10 GP,Services
"Hirelings, Skilled (per day)","As a Service, you can hire a professional with proficiency in a particular skill, weapon, or tool—such as a mercenary, artisan, or scribe—to perform tasks for you. The daily rate covers their labor, though specialized experts or those asked to perform dangerous work often demand higher pay.",2.00 GP,Services
"Hirelings, Unskilled (per day)","As a Service, you can hire a laborer for 2 SP per day to perform work that requires no particular proficiencies, such as carrying gear as a porter or digging as a manual laborer. They generally avoid combat and only defend themselves if attacked.",0.20 GP,Services
"Hirelings, Messenger (per mile)","As a Service, you can hire a messenger to deliver a letter or small parcel to a destination within or between settlements. This service costs 2 CP per mile traveled by the messenger to ensure your correspondence reaches its intended recipient.",0.02 GP,Services
Cantrip,"As a Service, you can hire a spellcaster in a village, town, or city to cast a Cantrip for you. The spell is cast using its normal casting time and provides its standard effects without requiring you to provide any Material components.",30.00 GP,Services
Level 1,"As a Service, you can hire a professional to cast a level 1 spell for you. This service covers the cost of the spellcaster's labor and the use of a level 1 spell slot, though you must provide any required Material components that are consumed by the spell or have a specified gold value.",50.00 GP,Services
Level 2,"As a Service, you can hire a spellcaster to cast a level 2 spell for you. This fee covers the expert labor and mystical components required to manifest the spell’s effects, though the caster might require additional compensation for spells with expensive material components or those involving significant personal risk.",200.00 GP,Services
Level 3,"As a Service, you can hire a professional to scribe a Level 3 Spell Scroll for you. This service costs 300 GP and takes 5 days of work by a qualified hireling who meets all the necessary prerequisites to create the magical scroll.",300.00 GP,Services
Level 4-5,"As a Service, you can hire a spellcaster to cast a level 4 or 5 spell for you. This service costs 2,000 GP and requires you to provide any material components that the spell consumes or that have a specific gold piece value.","2,000.00 GP",Services
Level 6-8,"As a Service, you can hire a spellcaster to cast a spell of level 6, 7, or 8 for you. The price covers the casting of the spell and any necessary Material components that aren't consumed, though you must provide or pay for any components that the spell consumes.","20,000.00 GP",Services
Level 9,"As a Service, you can hire a spellcaster in a city to cast a level 9 spell for you. This fee covers the expert labor required to manifest the spell's effects, though you must provide any required Material components that are consumed by the spell or have a specified gold value.","100,000.00 GP",Services
Alchemist's Supplies,"As a Utilize action, you can use these supplies to identify a substance (DC 15) or start a fire (DC 15). You can also use them to craft items such as Acid, Alchemist's Fire, a Component Pouch, Oil, Paper, or Perfume.",50.00 GP,Tools
Brewer's Supplies,"By taking the Utilize action with these tools, you can detect a poisoned drink (DC 15) or identify alcohol (DC 10). You can also use them to craft antitoxin.",20.00 GP,Tools
Calligrapher's Supplies,"As a Utilize action, you can use these tools to write text with impressive flourishes that guard against forgery (DC 15). These supplies can also be used to craft ink or scribe a spell scroll.",10.00 GP,Tools
Carpenter's Tools,"As a Utilize action, you can use these tools to seal or pry open a door or container (DC 20). Proficiency with these tools allows you to add your Proficiency Bonus to any Strength check you make using them, and if you also have proficiency in a related skill, you gain Advantage on the check. Additionally, you can use them to craft wooden items such as barrels, chests, ladders, and various wooden weapons.",8.00 GP,Tools
Cartographer's Tools,"As a Utilize action, you can use these tools to draft a map of a small area (DC 15). You can also use them to craft a Map or add your Proficiency Bonus to ability checks made to create accurate depictions of terrain and dungeon layouts.",15.00 GP,Tools
Cobbler's Tools,"As a Utilize action, you can use these tools to modify a creature's footwear (DC 10 Dexterity check). On a success, the wearer has Advantage on their next Dexterity (Acrobatics) check. You can also use these tools to craft a Climber's Kit.",5.00 GP,Tools
Cook's Utensils,"Using the Utilize action, you can use these utensils to improve food's flavor (DC 10) or detect spoiled or poisoned food (DC 15). Proficiency with this tool also allows you to craft rations, and if you have the Chef feat, you can use them during rests to prepare special meals that provide extra Hit Points or Temporary Hit Points.",1.00 GP,Tools
Glassblower's Tools,"As a Utilize action, you can use these tools to discern what a glass object held in the past 24 hours (DC 15). You can also use them to craft items such as a glass bottle, magnifying glass, spyglass, or vial.",30.00 GP,Tools
Jeweler's Tools,"As a Utilize action, you can use these tools to discern a gem's value (DC 15). You can also use them to craft an Arcane Focus or a Holy Symbol.",25.00 GP,Tools
Leatherworker's Tools,"As a Utilize action, you can use these tools to add a design to a leather item (DC 10). They also allow you to craft equipment such as leather armor, slings, and waterskins.",5.00 GP,Tools
Mason's Tools,"As a Utilize action, you can use these tools to chisel a symbol or a hole in stone (DC 10). Proficiency with these tools also allows you to craft a block and tackle or add your Proficiency Bonus to any Strength check made to work with stone.",10.00 GP,Tools
Painter's Supplies,"As a Utilize action, you can use these supplies to paint a recognizable image of something you have seen by succeeding on a DC 10 Wisdom check. You can also use them to craft a Druidic Focus or a Holy Symbol.",10.00 GP,Tools
Potter's Tools,"As a Utilize action, you can use these tools to discern what a ceramic object held in the past 24 hours by succeeding on a DC 15 Intelligence check. You can also use them to craft a jug or a lamp.",10.00 GP,Tools
Smith's Tools,"As a Utilize action, you can use these tools to pry open a door or container (DC 20). You can also use them to craft metal items such as weapons, armor, and various adventuring gear.",20.00 GP,Tools
Tinker's Tools,"As a Utilize action, you can use these tools to assemble a Tiny item composed of scrap, which falls apart in 1 minute (DC 20). You can also use them to craft objects such as a musket, pistol, lock, or bullseye lantern.",50.00 GP,Tools
Weaver's Tools,"As a Utilize action, you can use these tools to mend a tear in clothing or sew a Tiny design (DC 10). You can also use them to craft items such as Padded Armor, Fine Clothes, Nets, and Robes.",1.00 GP,Tools
Woodcarver's Tools,"These tools allow you to use your Dexterity to craft wooden items or carve intricate patterns into wood. As a Utilize action, you can carve a pattern into a wooden object (DC 10), or use them during a rest to repair wooden items or craft up to twenty arrows.",1.00 GP,Tools
Disguise Kit,"As a Utilize action, you can use this kit to apply makeup to yourself by succeeding on a DC 10 Charisma check. You can also use it to craft a costume, which provides Advantage on ability checks made to impersonate the subject of the costume.",25.00 GP,Tools
Forgery Kit,"As a Utilize action, you can use this kit to mimic up to 10 words of someone else's handwriting (DC 15) or duplicate a wax seal (DC 20). It includes various inks, parchments, quills, seals, and gold or silver leaf to create or detect fraudulent documents.",15.00 GP,Tools
Dice,"When you take the Attack action, you can replace one of your attacks with throwing this vial at a creature or object within 20 feet. The target must succeed on a Dexterity saving throw (DC 8 plus your Dexterity modifier and Proficiency Bonus) or take 2d6 Acid damage.",0.10 GP,Tools
Dragonchess,"As a Utilize action, you can use this set of three-tiered boards and pieces to play a game. You can make a DC 10 Wisdom check to discern whether someone is cheating or a DC 20 Wisdom check to win the game.",1.00 GP,Tools
Playing Cards,"When you take the Utilize action, you can use this gaming set to discern whether someone is cheating (DC 10) or attempt to win the game (DC 20). If you have proficiency with the set, you add your Proficiency Bonus to any ability check made to play a game with it.",0.50 GP,Tools
Three-Dragon Ante,"This specialized deck of cards is used to play a fast-paced game of chance popular in taverns. A game consists of several gambits where you ante gold and play cards to form a flight, aiming for the highest total strength to win the stakes. Playing weaker cards can trigger unique powers that allow you to draw extra cards or steal gold from your opponents.",1.00 GP,Tools
Herbalism Kit,"This kit contains a variety of instruments such as clippers, mortar and pestle, and pouches and vials used by herbalists to create remedies and potions. As a Utilize action, you can use this kit to identify a plant (DC 10) or to craft an Antitoxin, Candle, Healer's Kit, or Potion of Healing.",5.00 GP,Tools
Bagpipes,"As a Utilize action, you can play a known tune (DC 10) or improvise a song (DC 15). If you have proficiency with these bagpipes, you can add your Proficiency Bonus to any ability checks you make to play music with them, and a Bard can use them as a spellcasting focus.",30.00 GP,Tools
Drum,"As a Utilize action, you can play a known tune (DC 10) or improvise a song (DC 15). If you have proficiency with this musical instrument, you can add your Proficiency Bonus to any ability checks you make to play it, and a Bard can use it as a spellcasting focus.",6.00 GP,Tools
Dulcimer,"As a Utilize action, you can use this musical instrument to play a known tune (DC 10) or improvise a song (DC 15). If you have proficiency with the dulcimer, you can add your Proficiency Bonus to the Charisma check made to play it.",25.00 GP,Tools
Flute,"As a Utilize action, you can play a known tune (DC 10) or improvise a song (DC 15). If you have proficiency with this instrument, you can add your Proficiency Bonus to any ability checks you make to play music with it, and a Bard can use it as a spellcasting focus.",2.00 GP,Tools
Horn,"As a Utilize action, you can blow this musical instrument to play a known tune by succeeding on a DC 10 Charisma check or improvise a song by succeeding on a DC 15 Charisma check.",3.00 GP,Tools
Lute,"As a Utilize action, you can play a known tune (DC 10) or improvise a song (DC 15). If you have proficiency with the lute, you can add your Proficiency Bonus to ability checks made to play it, and a Bard can use it as a spellcasting focus.",12.00 GP,Tools
Lyre,"As a Utilize action, you can play a known tune (DC 10) or improvise a song (DC 15) with this musical instrument. If you have proficiency with the Lyre, you can add your Proficiency Bonus to any ability checks made to play it, and a Bard can use it as a spellcasting focus.",20.00 GP,Tools
Pan Flute,"As a Utilize action, you can play a known tune (DC 10) or improvise a song (DC 15) with this musical instrument. If you have proficiency with the pan flute, you can add your Proficiency Bonus to any ability checks you make to play music with it, and a bard can use it as a spellcasting focus.",12.00 GP,Tools
Shawm,"As a Utilize action, you can play a known tune (DC 10) or improvise a song (DC 15) using this double-reed musical instrument. If you have proficiency with the shawm, you add your Proficiency Bonus to the Charisma check made to play it.",2.00 GP,Tools
Viol,"When you take the Attack action, you can replace one of your attacks with throwing this vial at a creature or object within 20 feet. The target must succeed on a Dexterity saving throw (DC 8 plus your Dexterity modifier and Proficiency Bonus) or take 2d6 Acid damage.",30.00 GP,Tools
Navigator's Tools,"As a Utilize action, you can use these tools to plot a course (DC 10) or determine your position on a nautical chart by stargazing (DC 15). This set of instruments is used for navigation at sea and includes a sextant, compass, calipers, ruler, parchment, ink, and a quill.",25.00 GP,Tools
Poisoner's Kit,"This kit includes glass vials, a mortar and pestle, chemicals, and a glass stirring rod. Proficiency with it allows you to add your Proficiency Bonus to any Intelligence check you make to craft Basic Poison or detect a poisoned object (DC 10).",50.00 GP,Tools
Thieves' Tools,"As a Utilize action, you can use these tools to pick a lock or disarm a trap (DC 15). You make a Dexterity (Sleight of Hand) check using the tools, and if you have proficiency with both the tools and the skill, you make the check with Advantage.",25.00 GP,Tools
Camel,"A Camel is a Large beast used as a mount that has a speed of 50 feet and a carrying capacity of 450 pounds. This hardy animal is particularly well-suited for travel through deserts and other harsh environments, allowing a rider or cargo to move more efficiently across the wilderness.",50.00 GP,Transportation
Elephant,"This Huge creature serves as a formidable mount or beast of burden. It can make a Gore attack that potentially knocks a target Prone if the elephant moved at least 20 feet toward it, and it can use a Bonus Action to make a Stomp attack against a Prone creature.",200.00 GP,Transportation
"Horse, Draft","A Draft Horse is a Large beast used for transportation and heavy labor, such as pulling a carriage or wagon. It has an Armor Class of 10, 15 Hit Points, a Speed of 40 feet, and can carry up to 540 pounds or pull up to 2,700 pounds when hitched to a vehicle.",50.00 GP,Transportation
"Horse, Riding","A Riding Horse is a Large beast that can be used as a controlled mount, allowing it to move on your turn and take the Dash, Disengage, or Dodge action. It has a Speed of 60 feet and can carry up to 480 pounds, making it an efficient mode of transportation for long-distance travel.",75.00 GP,Transportation
Mastiff,"This Medium creature has a Speed of 40 feet and can be used as a mount by Small humanoids. Loyal and keen, a Mastiff can be trained as a guard dog, hunting dog, or war dog, and it has Advantage on Wisdom (Perception) checks that rely on hearing or smell.",25.00 GP,Transportation
Mule,"This Medium beast has the Beast of Burden trait, meaning it counts as one size larger for the purpose of determining its carrying capacity. It can carry up to 420 pounds, has a Speed of 40 feet, and has Advantage on Strength and Dexterity saving throws made against effects that would knock it Prone.",8.00 GP,Transportation
Pony,"A Pony is a Medium beast that can be used as a mount for a Small or Medium creature. It has a Speed of 40 feet and can make a Hooves attack (Melee Attack Roll: +4, reach 5 ft.) dealing 1d4 + 2 Bludgeoning damage on a hit.",30.00 GP,Transportation
Warhorse,"A Warhorse is a powerful mount trained for combat, boasting a Speed of 60 feet and a Strength score of 18. It features the Trampling Charge ability, which can knock a target Prone and allow a follow-up Hooves attack as a Bonus Action. Under the 2024 rules, it also has proficiency in Wisdom saving throws, making it more resilient against being frightened in battle.",400.00 GP,Transportation
Carriage,"This four-wheeled, enclosed vehicle can transport up to four passengers inside and two drivers on the exterior. Drawn by two horses or other beasts of burden, it includes the necessary harness and allows the pulling animals to move up to five times their base carrying capacity.",100.00 GP,Transportation
Cart,"An animal pulling this land vehicle can move weight up to five times its base carrying capacity, including the 200-pound weight of the cart itself. This open vehicle is designed for the transportation of goods and can be drawn by one or more creatures to increase the total weight moved.",15.00 GP,Transportation
Chariot,"This land vehicle is typically pulled by one or more creatures, allowing them to move weight up to five times their base carrying capacity. While riding in it, a creature gains Half Cover against attacks and effects originating from outside the vehicle.",250.00 GP,Transportation
"Feed, Aminal","Standard feed consists of a day's worth of nutrition typically consumed by a mount or other animal used for transportation. While traveling, you must provide a creature with a portion of this feed daily to prevent it from suffering the effects of malnutrition.",0.05 GP,Transportation
"Sanddle, Exotic","An Exotic Saddle is required for riding any aquatic or flying mount. This piece of transportation equipment comes with a bit, a bridle, and reins.",60.00 GP,Transportation
"Sanddle, Military","A military saddle braces the rider, helping you keep your seat on an active mount in battle. It gives you Advantage on any ability check you make to remain mounted.",20.00 GP,Transportation
"Sanddle, Riding","A Riding Saddle is a standard seat for a mount that comes with a bit, a bridle, reins, and any other equipment needed to use the saddle. This piece of transportation gear is designed to provide a secure and stable seat for a rider during travel or combat.",10.00 GP,Transportation
Sled,"As a land vehicle, this sled can accommodate up to three passengers or 600 pounds of cargo. While it ignores difficult terrain caused by ice and snow, all other terrain is treated as difficult terrain for the vehicle.",20.00 GP,Transportation
Stabling,"As a Service, you can pay a daily fee to have your mount or beast of burden housed and cared for. This service includes a stall, food, and water for the animal, ensuring it remains healthy and ready for travel while you stay in a town or city.",0.50 GP,Transportation
Wagon,"A four-wheeled vehicle designed for transport, a Wagon can be pulled by one or more draft animals. It has a carrying capacity of up to 1,000 pounds of cargo or 5 passengers, and an animal pulling it can move weight up to five times its base carrying capacity, including the weight of the vehicle itself.",35.00 GP,Transportation
Airship,"This magical vehicle requires a Pilot and a crew to operate various Stations, such as the helm and engines. It has a Fly speed of 80 feet, a 200-foot service ceiling, and provides a 300-foot radius of breathable air and magical gravity for up to 18 passengers.","40,000.00 GP",Transportation
Galley,"Galleys are long vessels that rely on sails and a rowing crew of eighty to move at a pace of 4 miles per hour. These large ships can carry 150 tons of cargo and 40 passengers, and they are often equipped with a naval ram and siege weapons like ballistas or mangonels for naval combat.","30,000.00 GP",Transportation
Keelboat,"One of the smallest sailing vessels, a keelboat can be sailed or rowed by a single person to transport up to half a ton of cargo or six passengers at a speed of 1 mile per hour. This water vehicle is ideal for lake and river travel and can be pulled upstream by draft animals on the shore.","3,000.00 GP",Transportation
Longship,"A Longship is a 70-foot-long Gargantuan vehicle that requires a crew of 40 and can carry 100 passengers and 10 tons of cargo. It features a single mast with sails and sixteen benches for rowing, allowing it to move across the sea using either wind or muscle power.","10,000.00 GP",Transportation
Rowboat,"A rowboat is a small watercraft used to navigate rivers and lakes or to ferry passengers between larger vessels and the shore. This 10-foot-long vehicle requires one crew member to operate and can accommodate up to three passengers, moving at a speed of 1.5 miles per hour.",50.00 GP,Transportation
Sailing Ship,"A Sailing Ship is a Gargantuan vehicle used for aquatic transportation. It has a travel pace of 5 miles per hour (120 miles per day) and provides enough space to accommodate a crew of 30, up to 20 passengers, and 100 tons of cargo.","10,000.00 GP",Transportation
Warship,This Gargantuan vehicle is a heavily armed vessel designed for combat and transporting large amounts of cargo. It has a travel pace of 4 miles per hour and can carry a crew of 40 along with 60 passengers.,"25,000.00 GP",Transportation
Club,"When you take the Attack action, you can replace one of your attacks with throwing this vial at a creature or object you can see within 20 feet of yourself. The target must succeed on a Dexterity saving throw (DC 8 plus your Dexterity modifier and Proficiency Bonus) or take 2d6 Acid damage.",0.10 GP,Weapons
Dagger,"A Simple Melee weapon that deals 1d4 Piercing damage and has the Finesse, Light, and Thrown (range 20/60) properties. It features the Nick mastery property, which allows you to make an extra attack with a Light weapon as part of the Attack action rather than as a Bonus Action.",2.00 GP,Weapons
Greatclub,"This simple two-handed melee weapon deals 1d8 bludgeoning damage. If you have the Weapon Mastery feature, you can use the Push property to knock a Large or smaller creature up to 10 feet away when you hit it.",0.20 GP,Weapons
Handaxe,"This small, sturdy axe is a simple melee weapon that deals 1d6 Slashing damage and is designed for both close combat and throwing. It has the Light and Thrown properties, allowing you to use it for two-weapon fighting or hurl it at a target within 20 to 60 feet. If you have the Weapon Mastery feature, you can utilize its Vex property to gain Advantage on your next attack roll against a creature you hit.",5.00 GP,Weapons
Javelin,"A simple melee weapon that deals 1d6 piercing damage and can be thrown at a target within a range of 30 to 120 feet. If you hit a creature and deal damage, you can use its Slow mastery property to reduce the target's Speed by 10 feet until the start of your next turn.",0.50 GP,Weapons
Light Hammer,"Proficiency with this simple melee weapon allows you to add your proficiency bonus to the attack roll for any attack you make with it. This light, throwable tool deals 1d4 bludgeoning damage and features the Nick mastery property, allowing you to make an extra attack as part of your Attack action instead of using a Bonus Action.",2.00 GP,Weapons
Mace,"This simple melee weapon deals 1d6 bludgeoning damage. If you hit a creature with it, you can use its Sap mastery property to give that creature disadvantage on its next attack roll before the start of your next turn.",5.00 GP,Weapons
Quarterstaff,"This simple melee weapon deals 1d6 bludgeoning damage and possesses the Versatile property, allowing it to be wielded with two hands to deal 1d8 damage. If you have the Weapon Mastery feature, you can use the Topple property to force a creature you hit to make a Constitution saving throw or fall Prone.",0.20 GP,Weapons
Sickle,"A simple melee weapon that deals 1d4 slashing damage, this light farming tool is easy to handle. It features the Nick mastery property, allowing you to make an additional attack as part of your Attack action instead of using a Bonus Action.",1.00 GP,Weapons
Spear,"This simple melee weapon deals 1d6 Piercing damage and possesses the Thrown and Versatile properties. If you have the required feature, you can use its Sap mastery property to give a creature you hit Disadvantage on its next attack roll before the start of your next turn.",1.00 GP,Weapons
Dart,"This Simple Ranged Weapon deals 1d4 Piercing damage and has a range of 20/60 feet. It features the Finesse and Thrown properties, and if you have the Weapon Mastery feature, you can utilize its Vex property to gain Advantage on your next attack roll against a creature you hit.",5.00 GP,Weapons
"Crossbow, Light","This simple ranged weapon deals 1d8 Piercing damage and has a range of 80/320 feet. It possesses the Ammunition, Loading, and Two-Handed properties, and its Slow mastery property allows you to reduce a creature's Speed by 10 feet until the start of your next turn when you hit it and deal damage.",25.00 GP,Weapons
Shortbow,"When you take the Attack action, you can use this simple ranged weapon to deal 1d6 Piercing damage to a target within 80 feet, or up to 320 feet with Disadvantage. It has the Two-Handed property and the Vex mastery property, granting you Advantage on your next attack roll against a creature if you hit it and deal damage.",25.00 GP,Weapons
Sling,"This simple ranged weapon requires ammunition to use and has a range of 30/120 feet. On a hit, it deals 1d4 bludgeoning damage, and if you have the Weapon Mastery feature, you can use its Slow property to reduce a creature's Speed by 10 feet until the start of your next turn.",0.10 GP,Weapons
Battleaxe,"This martial melee weapon deals 1d8 slashing damage, or 1d10 if used with two hands. If you have the Weapon Mastery feature, you can use the Topple property to force a hit creature to make a DC Constitution saving throw or fall Prone.",10.00 GP,Weapons
Flail,"This martial melee weapon deals 1d8 bludgeoning damage and possesses the Sap mastery property. If you hit a creature with this weapon, that creature has Disadvantage on its next attack roll before the start of your next turn.",10.00 GP,Weapons
Glaive,"This Martial Melee Weapon deals 1d10 Slashing damage and has the Heavy, Reach, and Two-Handed properties. It also possesses the Graze mastery property, which allows you to deal damage equal to your ability modifier to a creature even if your attack roll misses.",20.00 GP,Weapons
Greataxe,"This Martial Melee weapon requires two hands to wielder effectively. If you hit a creature with a melee attack roll using this weapon, you can make a second melee attack roll against a different creature within 5 feet of the first that is also within your reach, dealing the weapon's damage without your ability modifier on a hit.",30.00 GP,Weapons
Greatsword,"This martial melee weapon deals 2d6 Slashing damage and has the Heavy and Two-Handed properties. If you have the Weapon Mastery feature, you can use the Graze property to deal damage equal to your ability modifier even when your attack misses.",50.00 GP,Weapons
Halberd,"This martial melee weapon deals 1d10 slashing damage and possesses the Heavy, Reach, and Two-Handed properties. If you have the Weapon Mastery feature, you can use the Cleave property to make an additional attack against a second creature within 5 feet of your first target and within your reach.",20.00 GP,Weapons
Lance,"When you take the Attack action, you can replace one of your attacks with throwing this vial at a creature or object within 20 feet. The target must succeed on a Dexterity saving throw (DC 8 plus your Dexterity modifier and Proficiency Bonus) or take 2d6 Acid damage.",10.00 GP,Weapons
Longsword,"A martial melee weapon that deals 1d8 slashing damage. It has the Versatile property, allowing it to be used with two hands to deal 1d10 slashing damage, and the Sap mastery property, which imposes Disadvantage on a hit creature's next attack roll.",15.00 GP,Weapons
Maul,"This martial melee weapon deals 2d6 bludgeoning damage and has the Heavy and Two-Handed properties. If you hit a creature with this weapon, you can force it to make a Constitution saving throw (DC 8 + your Strength modifier + your Proficiency Bonus) or fall Prone.",10.00 GP,Weapons
Morningstar,"This Martial Melee weapon deals 1d8 Piercing damage and has the Sap mastery property. If you hit a creature with it, that creature has Disadvantage on its next attack roll before the start of your next turn.",15.00 GP,Weapons
Pike,"When you take the Attack action, you can replace one of your attacks with throwing this vial at a creature or object within 20 feet. The target must succeed on a Dexterity saving throw (DC 8 plus your Dexterity modifier and Proficiency Bonus) or take 2d6 Acid damage.",5.00 GP,Weapons
Rapier,"This Martial Melee weapon deals 1d8 Piercing damage and has the Finesse property, allowing you to use your choice of Strength or Dexterity for attack and damage rolls. When you hit a creature and deal damage with it, its Vex mastery property gives you Advantage on your next attack roll against that creature before the end of your next turn.",25.00 GP,Weapons
Scimitar,"This Martial Melee weapon deals 1d6 Slashing damage and has the Finesse and Light properties. While wielding it, you can use the Nick mastery property to make the extra attack of the Light property as part of the Attack action instead of as a Bonus Action.",25.00 GP,Weapons
Shortsword,"This martial melee weapon deals 1d6 piercing damage and has the Finesse and Light properties. If you have the Weapon Mastery feature, you can use its Vex property to gain Advantage on your next attack roll against a creature you hit and damage with this weapon before the end of your next turn.",10.00 GP,Weapons
Trident,"This martial melee weapon deals 1d8 Piercing damage and has the Thrown and Versatile (1d10) properties. If you have the Weapon Mastery feature, you can use the Topple property to force a creature you hit to make a Constitution saving throw or fall Prone.",5.00 GP,Weapons
Warhammer,"Proficiency with a Warhammer allows you to add your proficiency bonus to the attack roll for any attack you make with it. This Martial Melee Weapon deals 1d8 Bludgeoning damage, or 1d10 if used with two hands, and has the Push mastery property.",15.00 GP,Weapons
War Pick,"Proficiency with this martial melee weapon allows you to add your proficiency bonus to your attack rolls. When you hit a creature with this weapon, you can trigger its Sap mastery property to give the target Disadvantage on its next attack roll before the start of your next turn.",5.00 GP,Weapons
Whip,"This martial melee weapon deals 1d4 slashing damage and has the finesse and reach properties. When you hit a creature and deal damage with it, you can use its weapon mastery to reduce the target's speed by 10 feet until the start of your next turn.",2.00 GP,Weapons
Blowgun,"This Martial Ranged Weapon allows you to make an attack against a creature within 25 feet (or up to 100 feet with Disadvantage), dealing 1 Piercing damage on a hit. It has the Ammunition and Loading properties, and if you have the Weapon Mastery feature, you can use Vex to gain Advantage on your next attack roll against the same target.",10.00 GP,Weapons
"Crossbow, Hand","This martial ranged weapon deals 1d6 Piercing damage and has a range of 30/120 feet. It has the Ammunition, Light, and Loading properties, and its Vex mastery property grants you Advantage on your next attack roll against a creature if you hit it and deal damage.",75.00 GP,Weapons
"Crossbow, Heavy","This martial ranged weapon deals 1d10 piercing damage and has a range of 100/400 feet. It requires two hands to use and has the Heavy and Loading properties. If you hit a Large or smaller creature with this weapon, you can use its Push mastery property to knock the target up to 10 feet straight away from you.",50.00 GP,Weapons
Longbow,"A Martial Ranged Weapon that deals 1d8 Piercing damage. It has the Ammunition (Range 150/600), Heavy, and Two-Handed properties, and its Mastery property is Slow, which reduces a creature's Speed by 10 feet until the start of your next turn on a hit.",50.00 GP,Weapons
Musket,"This Martial Ranged weapon deals 1d12 Piercing damage and has a range of 40/120 feet. It requires two hands to use, must be loaded with firearm bullets after every shot, and possesses the Slow mastery property, which can reduce a hit creature's Speed by 10 feet.",500.00 GP,Weapons
Pistol,"When you make a ranged attack with this one-handed firearm, you deal 1d10 Piercing damage on a hit. It has a normal range of 30 feet and a long range of 90 feet, and because it has the Loading property, you can fire only one piece of ammunition from it when you use an Action, Bonus Action, or Reaction.",250.00 GP,Weapons
Mithral Splint,"This armor is made of a light, flexible metal and can be worn under normal clothes. If the armor normally imposes Disadvantage on Dexterity (Stealth) checks or has a Strength requirement, this mithral version doesn't.",1100.00 GP,Armor
Scroll of Acid Splash,"As an Action, you can use this scroll to create an acidic bubble at a point within 60 feet, where it explodes in a 5-foot-radius Sphere. Each creature in that Sphere must succeed on a Dexterity saving throw or take 1d6 Acid damage.",22.00 GP,Scroll
Scroll of Bane,"As an Action, you can read this scroll to cast the Bane spell (save DC 13). Up to three creatures you can see within 30 feet must succeed on a Charisma saving throw or subtract 1d4 from their attack rolls and saving throws for up to 1 minute.",132.00 GP,Scroll
Star Rose Quartz,"This rosy, translucent gemstone has a white star-shaped center. It is a semi-precious stone worth 50 gold pieces.",57.00 GP,Gemstone
Scroll of Plant Growth,"This scroll allows you to cast the Plant Growth spell. Using an Action, you can cause normal plants within a 100-foot radius to become thick and overgrown, requiring creatures to spend 4 feet of movement for every 1 foot moved. Alternatively, casting it over 8 hours enriches all plants within a half-mile radius for one year, doubling their food yield when harvested.",498.00 GP,Scroll
Hide Armor of Resistance (Psychic),"You have Resistance to Psychic damage while you wear this crude armor, which consists of thick furs and pelts. While wearing it, your Armor Class is 12 plus your Dexterity modifier (maximum of 2).",6560.00 GP,Armor
+1 Morningstar,"You have a +1 bonus to attack rolls and damage rolls made with this magic weapon. If you hit a creature with this weapon, you can use its Sap mastery property to give that creature disadvantage on its next attack roll before the start of your next turn.",1110.00 GP,Weapons
Necklace of Adaptation,"While wearing this necklace, you can breathe normally in any environment, and you have Advantage on saving throws made to avoid or end the Poisoned condition.",1768.00 GP,Wondrous
Potion of Climbing,"As a Bonus Action, you can drink it or administer it to another creature within 5 feet of yourself. For 1 hour, the drinker gains a Climb Speed equal to their Speed and has Advantage on Strength (Athletics) checks to climb.",196.00 GP,Potion
Potion of Heroism,"As a Bonus Action, you can drink this potion or administer it to another creature within 5 feet of yourself. For 1 hour, the creature that drinks the bubbling blue liquid gains 10 Temporary Hit Points and is under the effect of the Bless spell.",196.00 GP,Potion
Wand of Magic Missiles,"As a Magic Action while holding this wand, you can expend 1 to 3 of its 7 charges to cast Magic Missile. The spell's level increases by 1 for each additional charge expended beyond the first. The wand regains 1d6 + 1 charges daily at dawn; if you expend the last charge, roll a d20, and on a 1, the wand is destroyed.",8720.00 GP,Wand
Elixir of Health,"As a Bonus Action, you can drink this potion or administer it to another creature within 5 feet of yourself. When you drink this clear, red liquid, you are cured of any disease and the Blinded, Deafened, Paralyzed, and Poisoned conditions end on you.",135.00 GP,Potion
Potion of Fire Breath,"As a Bonus Action, you can drink this potion. For 1 hour or until you exhale fire three times, you can take a Bonus Action to exhale fire at a target within 30 feet, which must make a DC 13 Dexterity saving throw, taking 4d6 Fire damage on a failure or half as much on a success.",175.00 GP,Potion
Potion of Greater Healing,"As a Bonus Action, you can drink it or administer it to another creature within 5 feet of yourself. The creature that drinks the magical red fluid in this vial regains 4d4 + 4 Hit Points.",175.00 GP,Potion
Potion of Water Breathing,"As a Bonus Action, you can drink this potion or administer it to another creature within 5 feet of yourself. For 1 hour after drinking the cloudy green fluid, the creature can breathe underwater.",196.00 GP,Potion
Potion of Diminution,"As a Bonus Action, you can drink it or administer it to another creature within 5 feet of yourself. The creature that drinks the red liquid in this vial gains the ""reduce"" effect of the Enlarge/Reduce spell for 1d4 hours (no concentration required).",289.00 GP,Potion
Potion of Speed,"As a Bonus Action, you can drink it or administer it to another creature within 5 feet of yourself. The creature that drinks the yellow fluid streaked with black gains the effect of the Haste spell for 1 minute (no Concentration required) and does not suffer lethargy when the effect ends.",474.00 GP,Potion
Potion of Resistance,"As a Bonus Action, you can drink it or administer it to another creature within 5 feet of yourself. When a creature drinks this thick, syrupy liquid, it gains Resistance to one type of damage for 1 hour. The DM chooses the damage type or determines it randomly.",360.00 GP,Potion
Potion of Mind Reading,"As a Bonus Action, you can drink this potion or administer it to another creature within 5 feet of yourself. For 10 minutes, the creature that drinks this dense, purple liquid gains the effect of the Detect Thoughts spell (save DC 13) without requiring Concentration.",502.00 GP,Potion
Potion of Superior Healing,"As a Bonus Action, you can drink it or administer it to another creature within 5 feet of yourself. The creature that drinks the magical red fluid in this vial regains 8d4 + 8 Hit Points. Regardless of its potency, the potion's red liquid glimmers when agitated.",502.00 GP,Potion
Potion of Hill Giant Strength,"As a Bonus Action, you can drink it or administer it to another creature within 5 feet of yourself. For 1 hour after drinking this transparent liquid, the creature’s Strength score becomes 21. The potion has no effect on a creature whose Strength is already 21 or higher.",580.00 GP,Potion
Cloak of Elvenkind,"While you wear this cloak with its hood up, Wisdom (Perception) checks made to see you have disadvantage, and you have advantage on Dexterity (Stealth) checks made to hide, as the cloak's color shifts to camouflage you. Pulling the hood up or down requires an action.",5500 GP,Wondrous
Helm of Comprehend Languages,"While wearing this helm, you can cast Comprehend Languages from it.",547 GP,Wondrous
Padded Armor of Resistance (Lightning),You have Resistance to lightning damage while you wear this light armor. ,6610 GP,Armor
Ring of Warmth,"While wearing this ring, you have resistance to cold damage. In addition, you and everything you wear and carry are unharmed by temperatures as low as −50 degrees Fahrenheit.",1100 GP,Ring
Robe of Scintillating Colors,"This robe has 3 charges, and it regains 1d3 expended charges daily at dawn. While you wear it, you can use an action and expend 1 charge to cause the garment to display a shifting pattern of dazzling hues until the end of your next turn. During this time, the robe sheds bright light in a 30-foot radius and dim light for an additional 30 feet. Creatures that can see you have disadvantage on attack rolls against you. In addition, any creature in the bright light that can see you when the robe's power is activated must succeed on a DC 15 Wisdom saving throw or become stunned until the effect ends.",6600 GP,Wondrous
+1 Sling,You have a +1 bonus to attack and damage rolls made with this magic weapon.,1100 GP,Weapon